{"noiseKey":{"private":{"type":"Buffer","data":"AA3QX0XuQrZpDwW/bRL24/ZPxuA1u47cc3nUs5f1o0w="},"public":{"type":"Buffer","data":"2Q7lAphlAcixtgcfhKni/GcQIzUEYmDYZb3xnGcdvgg="}},"pairingEphemeralKeyPair":{"private":{"type":"Buffer","data":"QOuXDETjWPbCwnWqLG10/Zhqv+H/O2UOuxy/8dCag3A="},"public":{"type":"Buffer","data":"DkBI0YRBjtpcYHtUaBW7NtyDyQTxklRJkqq+SP8CoV4="}},"signedIdentityKey":{"private":{"type":"Buffer","data":"6Ib41N8cCtpsWkbaa+xrGmBJgfuXmC2t5cfSkB/SuXY="},"public":{"type":"Buffer","data":"LbbS+g8S60NHkiYNddU7LyCI2e+Pk8tohkeekVC5C1o="}},"signedPreKey":{"keyPair":{"private":{"type":"Buffer","data":"uNmXvHm2cS0Qk4hBPFxtGYJfCDTF2lnoqPMG9j5FVHM="},"public":{"type":"Buffer","data":"WV/jPFYRnVQ8E1zAR63Wj/885xMVhUnvFrf1jhwDz3g="}},"signature":{"type":"Buffer","data":"dPPQJUV8cVe0x1JDlKx/IwqVlIvglVgElH0RtrKzPcwkPus0ju7qZoqwPm4ovlseN2d+91lU5AQ7MIaYAFDDjA=="},"keyId":1},"registrationId":177,"advSecretKey":"ugQZXcx/4JCXMeEga27pfcjHs6ko246ujqMyUC76qf0=","processedHistoryMessages":[],"nextPreKeyId":31,"firstUnuploadedPreKeyId":31,"accountSyncCounter":0,"accountSettings":{"unarchiveChats":false},"deviceId":"YGhvcLV2Su-biaeZ_Lp-NA","phoneId":"f5b69eaf-096c-4727-940a-b8e02950e2a6","identityId":{"type":"Buffer","data":"8+1P8SzQZ8dVIeM6OHxRQEMITRg="},"registered":true,"backupToken":{"type":"Buffer","data":"ZRWh4DyKY0cW2iOq8e2WcZWfzCQ="},"registration":{},"pairingCode":"T13K2B1C","me":{"id":"254758732775:7@s.whatsapp.net","name":"MALDIVES MAK ∆","lid":"247588171321377:7@lid"},"account":{"details":"CJzOrqQCEMy8ubUGGAEgACgA","accountSignatureKey":"GuDOzG8OlXue3vqO73gD5L3wEJ5lLUZgof5fbXI53ww=","accountSignature":"AramaTnAl+qKa3X0+rtsAqD5lV/P3bSg0PUkYJBCl6v+NpRubdifsVrzhgqDFXJFxJ9/d7wPl4IwSVQzyr13BA==","deviceSignature":"+mpc36XyZ2bpTxFLhtxmX1DeuWFMOs+ztkkbpmQd88Ku+FNHM1c9i7JZewKNbndlc6XAmYbT9/8Or/2wyy2yjA=="},"signalIdentities":[{"identifier":{"name":"254758732775:7@s.whatsapp.net","deviceId":0},"identifierKey":{"type":"Buffer","data":"BRrgzsxvDpV7nt76ju94A+S98BCeZS1GYKH+X21yOd8M"}}],"platform":"smba","lastAccountSyncTimestamp":1722703439,"myAppStateKeyId":"AAAAAGnx"}
