{
  "users": {
    "254758732775@s.whatsapp.net": {
      "serialNumber": "5748ef2731f9b0ab993964d915670166",
      "title": "Premium",
      "afkTime": -1,
      "badword": 0,
      "afkReason": "",
      "nick": "Hui",
      "premium": false,
      "limit": 1000,
      "totalLimit": 0
    },
    "254757051225@s.whatsapp.net": {
      "serialNumber": "51b5bea707a330943f3f5622ddccf7b8",
      "title": "Premium",
      "afkTime": -1,
      "badword": 0,
      "afkReason": "",
      "nick": "+91 69091 37213",
      "premium": "true",
      "limit": 1000,
      "totalLimit": 0
    },
    "919402104403@s.whatsapp.net": {
      "serialNumber": "42d9404996157ee8f33424778fed1808",
      "title": "Premium",
      "afkTime": -1,
      "badword": 0,
      "afkReason": "",
      "nick": "+91 94021 04403",
      "premium": "true",
      "limit": 1000,
      "totalLimit": 0
    },
    "919485490229@s.whatsapp.net": {
      "serialNumber": "b9cafccdf830015fbc7e39f1e3eda9f1",
      "title": "Premium",
      "afkTime": -1,
      "badword": 0,
      "afkReason": "",
      "nick": "+91 94854 90229",
      "premium": "true",
      "limit": 1000,
      "totalLimit": 0
    },
    "919863061187@s.whatsapp.net": {
      "serialNumber": "abd166c4c2f50a0cacf11384665e6029",
      "title": "User",
      "afkTime": -1,
      "badword": 0,
      "afkReason": "",
      "nick": "🎀🐰",
      "premium": "false",
      "limit": 100,
      "totalLimit": 0
    },
    "918798190868@s.whatsapp.net": {
      "serialNumber": "050293a020d7d4b3983ef6f1f2956e16",
      "title": "User",
      "afkTime": -1,
      "badword": 0,
      "afkReason": "",
      "nick": "chakmasurjyodhan",
      "premium": "false",
      "limit": 100,
      "totalLimit": 0
    },
    "918798610640@s.whatsapp.net": {
      "serialNumber": "973d5dbd2e0592ef1bc2bec6f29a3007",
      "title": "User",
      "afkTime": -1,
      "badword": 0,
      "afkReason": "",
      "nick": "Angel",
      "premium": "false",
      "limit": 100,
      "totalLimit": 0
    },
    "916297175943@s.whatsapp.net": {
      "serialNumber": "b72a3be037e372fc3de699f6cd455f49",
      "title": "User",
      "afkTime": -1,
      "badword": 0,
      "afkReason": "",
      "nick": "Kai?",
      "premium": "false",
      "limit": 100,
      "totalLimit": 0
    },
    "918927828445@s.whatsapp.net": {
      "serialNumber": "8ac318d64a14a0698c7c018c22aeeece",
      "title": "User",
      "afkTime": -1,
      "badword": 0,
      "afkReason": "",
      "nick": "꧁༒~Aryan Chatterjee~༒꧂",
      "premium": false,
      "limit": 100,
      "totalLimit": 0
    },
    "917085760579@s.whatsapp.net": {
      "serialNumber": "1653e2ca4fc57013e3588b9ed3ddcc25",
      "title": "User",
      "afkTime": -1,
      "badword": 0,
      "afkReason": "",
      "nick": "Tulica",
      "premium": false,
      "limit": 100,
      "totalLimit": 0
    },
    "2347025369036@s.whatsapp.net": {
      "serialNumber": "8b83c2ba2539dec74f3bf33a87058ea2",
      "title": "User",
      "afkTime": -1,
      "badword": 0,
      "afkReason": "",
      "nick": "Trills",
      "premium": "false",
      "limit": 100,
      "totalLimit": 0
    },
    "254731584439@s.whatsapp.net": {
      "serialNumber": "52c92fe6779f5dfd2f00ae431e8b9895",
      "title": "User",
      "afkTime": -1,
      "badword": 0,
      "afkReason": "",
      "nick": "It's Staicey 🥰🦋❤️💍",
      "premium": "false",
      "limit": 100,
      "totalLimit": 0
    },
    "233533401134@s.whatsapp.net": {
      "serialNumber": "b8c56466e516a315a8acf3dc3dca3c9a",
      "title": "User",
      "afkTime": -1,
      "badword": 0,
      "afkReason": "",
      "nick": "ɢᴏᴅ's ɢʀᴀᴄᴇ🕊️",
      "premium": "false",
      "limit": 100,
      "totalLimit": 0
    },
    "2349077117499@s.whatsapp.net": {
      "serialNumber": "d213b2905d947caa3ebaa3418f22dea9",
      "title": "User",
      "afkTime": -1,
      "badword": 0,
      "afkReason": "",
      "nick": "😎𝘽𝙄𝙂 𝘽𝘼𝘽𝙔😎",
      "premium": false,
      "limit": 100,
      "totalLimit": 0
    }
  },
  "database": {},
  "chats": {
    "120363047626537933@g.us": {
      "badword": false,
      "antiforeignnum": false,
      "antibot": false,
      "antiviewonce": true,
      "antispam": false,
      "antivirtex": false,
      "antimedia": false,
      "antiimage": false,
      "antivideo": false,
      "antiaudio": false,
      "antipoll": false,
      "antisticker": false,
      "antilocation": false,
      "antidocument": false,
      "anticontact": false,
      "antilink": true,
      "antipromotion": false,
      "antilinkgc": true
    },
    "916909137213@s.whatsapp.net": {
      "badword": false,
      "antiforeignnum": false,
      "antibot": false,
      "antiviewonce": false,
      "antispam": false,
      "antivirtex": false,
      "antimedia": false,
      "antiimage": false,
      "antivideo": false,
      "antiaudio": false,
      "antipoll": false,
      "antisticker": false,
      "antilocation": false,
      "antidocument": false,
      "anticontact": false,
      "antilink": false,
      "antipromotion": false,
      "antilinkgc": false
    },
    "6289529333847@s.whatsapp.net": {
      "badword": false,
      "antiforeignnum": false,
      "antibot": false,
      "antiviewonce": false,
      "antispam": false,
      "antivirtex": false,
      "antimedia": false,
      "antiimage": false,
      "antivideo": false,
      "antiaudio": false,
      "antipoll": false,
      "antisticker": false,
      "antilocation": false,
      "antidocument": false,
      "anticontact": false,
      "antilink": false,
      "antipromotion": false,
      "antilinkgc": false
    },
    "919402104403@s.whatsapp.net": {
      "badword": false,
      "antiforeignnum": false,
      "antibot": false,
      "antiviewonce": false,
      "antispam": false,
      "antivirtex": false,
      "antimedia": false,
      "antiimage": false,
      "antivideo": false,
      "antiaudio": false,
      "antipoll": false,
      "antisticker": false,
      "antilocation": false,
      "antidocument": false,
      "anticontact": false,
      "antilink": false,
      "antipromotion": false,
      "antilinkgc": false
    },
    "919485490229@s.whatsapp.net": {
      "badword": false,
      "antiforeignnum": false,
      "antibot": false,
      "antiviewonce": false,
      "antispam": false,
      "antivirtex": false,
      "antimedia": false,
      "antiimage": false,
      "antivideo": false,
      "antiaudio": false,
      "antipoll": false,
      "antisticker": false,
      "antilocation": false,
      "antidocument": false,
      "anticontact": false,
      "antilink": false,
      "antipromotion": false,
      "antilinkgc": false
    },
    "120363295572482886@g.us": {
      "badword": false,
      "antiforeignnum": false,
      "antibot": false,
      "antiviewonce": false,
      "antispam": false,
      "antivirtex": false,
      "antimedia": false,
      "antiimage": false,
      "antivideo": false,
      "antiaudio": false,
      "antipoll": false,
      "antisticker": false,
      "antilocation": false,
      "antidocument": false,
      "anticontact": false,
      "antilink": false,
      "antipromotion": false,
      "antilinkgc": false
    },
    "919485022101-1394364444@g.us": {
      "badword": false,
      "antiforeignnum": false,
      "antibot": false,
      "antiviewonce": false,
      "antispam": false,
      "antivirtex": false,
      "antimedia": false,
      "antiimage": false,
      "antivideo": false,
      "antiaudio": false,
      "antipoll": false,
      "antisticker": false,
      "antilocation": false,
      "antidocument": false,
      "anticontact": false,
      "antilink": false,
      "antipromotion": false,
      "antilinkgc": false
    },
    "status@broadcast": {
      "badword": false,
      "antiforeignnum": false,
      "antibot": false,
      "antiviewonce": false,
      "antispam": false,
      "antivirtex": false,
      "antimedia": false,
      "antiimage": false,
      "antivideo": false,
      "antiaudio": false,
      "antipoll": false,
      "antisticker": false,
      "antilocation": false,
      "antidocument": false,
      "anticontact": false,
      "antilink": false,
      "antipromotion": false,
      "antilinkgc": false
    },
    "919366316018@s.whatsapp.net": {
      "badword": false,
      "antiforeignnum": false,
      "antibot": false,
      "antiviewonce": false,
      "antispam": false,
      "antivirtex": false,
      "antimedia": false,
      "antiimage": false,
      "antivideo": false,
      "antiaudio": false,
      "antipoll": false,
      "antisticker": false,
      "antilocation": false,
      "antidocument": false,
      "anticontact": false,
      "antilink": false,
      "antipromotion": false,
      "antilinkgc": false
    },
    "254758732775@s.whatsapp.net": {
      "badword": false,
      "antiforeignnum": false,
      "antibot": false,
      "antiviewonce": true,
      "antispam": false,
      "antivirtex": false,
      "antimedia": false,
      "antiimage": false,
      "antivideo": false,
      "antiaudio": false,
      "antipoll": false,
      "antisticker": false,
      "antilocation": false,
      "antidocument": false,
      "anticontact": false,
      "antilink": false,
      "antipromotion": false,
      "antilinkgc": false
    },
    "263774199499@s.whatsapp.net": {
      "badword": false,
      "antiforeignnum": false,
      "antibot": false,
      "antiviewonce": true,
      "antispam": false,
      "antivirtex": false,
      "antimedia": false,
      "antiimage": false,
      "antivideo": false,
      "antiaudio": false,
      "antipoll": false,
      "antisticker": false,
      "antilocation": false,
      "antidocument": false,
      "anticontact": false,
      "antilink": false,
      "antipromotion": false,
      "antilinkgc": false
    },
    "2349077117499@s.whatsapp.net": {
      "badword": false,
      "antiforeignnum": false,
      "antibot": false,
      "antiviewonce": true,
      "antispam": false,
      "antivirtex": false,
      "antimedia": false,
      "antiimage": false,
      "antivideo": false,
      "antiaudio": false,
      "antipoll": false,
      "antisticker": false,
      "antilocation": false,
      "antidocument": false,
      "anticontact": false,
      "antilink": false,
      "antipromotion": false,
      "antilinkgc": false
    }
  },
  "game": {
    "math": []
  },
  "settings": {
    "919366316018@s.whatsapp.net": {
      "totalhit": 250,
      "totalError": 0,
      "online": false,
      "autosticker": false,
      "autodownload": false,
      "autobio": false,
      "autoread": false,
      "autoblocknum": false,
      "onlyindia": false,
      "onlyindo": false,
      "onlygrub": false,
      "onlypc": false,
      "autorecordtype": false,
      "autorecord": false,
      "autotype": false,
      "watermark": {
        "packname": "Sticker By",
        "author": "🦄드림 가이 Xeon\n\n+916909137213"
      },
      "about": {
        "bot": {
          "nick": "Hui",
          "alias": "Cheems Bot MD V12"
        },
        "owner": {
          "nick": "+91 69091 37213",
          "alias": "916909137213"
        }
      }
    },
    "254758732775@s.whatsapp.net": {
      "totalhit": 19,
      "totalError": 0,
      "online": false,
      "autosticker": false,
      "autodownload": false,
      "autobio": false,
      "autoread": true,
      "autoblocknum": false,
      "onlyindia": false,
      "onlyindo": false,
      "onlygrub": false,
      "onlypc": false,
      "autorecordtype": false,
      "autorecord": false,
      "autotype": false,
      "watermark": {
        "packname": "Sticker By",
        "author": "MAK j\n\n+254758732775"
      },
      "about": {
        "bot": {
          "nick": "+91 69091 37213",
          "alias": "Cheems Bot MD V12"
        },
        "owner": {
          "nick": "+91 69091 37213",
          "alias": "916909137213"
        }
      }
    },
    "919402104403@s.whatsapp.net": {
      "totalhit": 28,
      "totalError": 0,
      "online": false,
      "autosticker": false,
      "autodownload": false,
      "autobio": false,
      "autoread": false,
      "autoblocknum": false,
      "onlyindia": false,
      "onlyindo": false,
      "onlygrub": false,
      "onlypc": false,
      "autorecordtype": false,
      "autorecord": false,
      "autotype": false,
      "watermark": {
        "packname": "Sticker By",
        "author": "🦄드림 가이 Xeon\n\n+916909137213"
      },
      "about": {
        "bot": {
          "nick": "+91 94021 04403",
          "alias": "Cheems Bot MD V13"
        },
        "owner": {
          "nick": "Xeon Bot User",
          "alias": "916909137213"
        }
      }
    },
    "919485490229@s.whatsapp.net": {
      "totalhit": 573,
      "totalError": 0,
      "online": false,
      "autosticker": false,
      "autodownload": false,
      "autobio": false,
      "autoread": false,
      "autoblocknum": false,
      "onlyindia": false,
      "onlyindo": false,
      "onlygrub": false,
      "onlypc": false,
      "autorecordtype": false,
      "autorecord": false,
      "autotype": false,
      "watermark": {
        "packname": "Sticker By",
        "author": "🦄드림 가이 Xeon\n\n+916909137213"
      },
      "about": {
        "bot": {
          "nick": "+91 94854 90229",
          "alias": "Cheems Bot MD V13"
        },
        "owner": {
          "nick": "Xeon Bot User",
          "alias": "916909137213"
        }
      }
    }
  },
  "message": {},
  "sticker": {},
  "others": {
    "vote": []
  }
}